{
  "d2_n0.001": {
    "fibonacci": {
      "depth": 2,
      "noise": 0.001,
      "zne_mean": -0.004254545454545453,
      "zne_std": 0.026809176941701304,
      "epsilon_mean": 0.001555078888888889,
      "epsilon_std": 0.0009392492244951897,
      "flag_rate": 0.0
    },
    "linear": {
      "depth": 2,
      "noise": 0.001,
      "zne_mean": 0.006500000000000003,
      "zne_std": 0.03760779174586035,
      "epsilon_mean": 0.0019419000000000005,
      "epsilon_std": 0.0015005527614849138,
      "flag_rate": 0.0
    },
    "odd": {
      "depth": 2,
      "noise": 0.001,
      "zne_mean": 0.0023300000000000052,
      "zne_std": 0.024673023730382125,
      "epsilon_mean": 0.0013703,
      "epsilon_std": 0.0009459631388167299,
      "flag_rate": 0.0
    }
  },
  "d2_n0.005": {
    "fibonacci": {
      "depth": 2,
      "noise": 0.005,
      "zne_mean": 0.003236363636363631,
      "zne_std": 0.01471987468505767,
      "epsilon_mean": 0.0015736033333333334,
      "epsilon_std": 0.0011394797707839862,
      "flag_rate": 0.0
    },
    "linear": {
      "depth": 2,
      "noise": 0.005,
      "zne_mean": -0.014500000000000004,
      "zne_std": 0.031035109150766665,
      "epsilon_mean": 0.0020696,
      "epsilon_std": 0.0009242841500317963,
      "flag_rate": 0.0
    },
    "odd": {
      "depth": 2,
      "noise": 0.005,
      "zne_mean": 0.0036500000000000018,
      "zne_std": 0.03379974112326896,
      "epsilon_mean": 0.001519275,
      "epsilon_std": 0.0012063243886388934,
      "flag_rate": 0.0
    }
  },
  "d2_n0.01": {
    "fibonacci": {
      "depth": 2,
      "noise": 0.01,
      "zne_mean": 0.015775324675324675,
      "zne_std": 0.031069841754049695,
      "epsilon_mean": 0.0013590522222222223,
      "epsilon_std": 0.0009109209105137015,
      "flag_rate": 0.0
    },
    "linear": {
      "depth": 2,
      "noise": 0.01,
      "zne_mean": -0.014440000000000019,
      "zne_std": 0.018470473735126565,
      "epsilon_mean": 0.0018437500000000003,
      "epsilon_std": 0.001171931530636496,
      "flag_rate": 0.0
    },
    "odd": {
      "depth": 2,
      "noise": 0.01,
      "zne_mean": -0.00025999999999999705,
      "zne_std": 0.02614938622606655,
      "epsilon_mean": 0.00084495,
      "epsilon_std": 0.000525662864866827,
      "flag_rate": 0.0
    }
  },
  "d2_n0.02": {
    "fibonacci": {
      "depth": 2,
      "noise": 0.02,
      "zne_mean": -0.0018506493506493561,
      "zne_std": 0.019971708991989606,
      "epsilon_mean": 0.00226292,
      "epsilon_std": 0.00167578012476666,
      "flag_rate": 0.0
    },
    "linear": {
      "depth": 2,
      "noise": 0.02,
      "zne_mean": -0.01484000000000001,
      "zne_std": 0.03674493706621364,
      "epsilon_mean": 0.0023682499999999997,
      "epsilon_std": 0.0021533629890243765,
      "flag_rate": 0.0
    },
    "odd": {
      "depth": 2,
      "noise": 0.02,
      "zne_mean": -0.000870000000000009,
      "zne_std": 0.02414469092782096,
      "epsilon_mean": 0.000827375,
      "epsilon_std": 0.00042258453666100946,
      "flag_rate": 0.0
    }
  },
  "d2_n0.05": {
    "fibonacci": {
      "depth": 2,
      "noise": 0.05,
      "zne_mean": -0.00692337662337663,
      "zne_std": 0.014328838629193257,
      "epsilon_mean": 0.0014618133333333333,
      "epsilon_std": 0.0008758884557175413,
      "flag_rate": 0.0
    },
    "linear": {
      "depth": 2,
      "noise": 0.05,
      "zne_mean": -0.020280000000000013,
      "zne_std": 0.04530511670882221,
      "epsilon_mean": 0.0018003499999999998,
      "epsilon_std": 0.001012263208113384,
      "flag_rate": 0.0
    },
    "odd": {
      "depth": 2,
      "noise": 0.05,
      "zne_mean": 0.0035800000000000046,
      "zne_std": 0.017960445428774844,
      "epsilon_mean": 0.000514575,
      "epsilon_std": 0.0003472541765407581,
      "flag_rate": 0.0
    }
  },
  "d4_n0.001": {
    "fibonacci": {
      "depth": 4,
      "noise": 0.001,
      "zne_mean": 0.009296103896103905,
      "zne_std": 0.029103511764588492,
      "epsilon_mean": 0.0014218500000000001,
      "epsilon_std": 0.001255757217504568,
      "flag_rate": 0.0
    },
    "linear": {
      "depth": 4,
      "noise": 0.001,
      "zne_mean": -0.003439999999999996,
      "zne_std": 0.02399163187446824,
      "epsilon_mean": 0.0032347,
      "epsilon_std": 0.002608999599463365,
      "flag_rate": 0.0
    },
    "odd": {
      "depth": 4,
      "noise": 0.001,
      "zne_mean": 0.00593000000000001,
      "zne_std": 0.02686094004311835,
      "epsilon_mean": 0.0009433000000000002,
      "epsilon_std": 0.0010296548438675944,
      "flag_rate": 0.0
    }
  },
  "d4_n0.005": {
    "fibonacci": {
      "depth": 4,
      "noise": 0.005,
      "zne_mean": -0.00922337662337662,
      "zne_std": 0.020301180395513267,
      "epsilon_mean": 0.0012590177777777778,
      "epsilon_std": 0.0009059647405479142,
      "flag_rate": 0.0
    },
    "linear": {
      "depth": 4,
      "noise": 0.005,
      "zne_mean": 0.01718000000000002,
      "zne_std": 0.032316738696842554,
      "epsilon_mean": 0.00208935,
      "epsilon_std": 0.0013009956197082293,
      "flag_rate": 0.0
    },
    "odd": {
      "depth": 4,
      "noise": 0.005,
      "zne_mean": -0.01621,
      "zne_std": 0.02395643754818315,
      "epsilon_mean": 0.0008512750000000001,
      "epsilon_std": 0.0005651495427097151,
      "flag_rate": 0.0
    }
  },
  "d4_n0.01": {
    "fibonacci": {
      "depth": 4,
      "noise": 0.01,
      "zne_mean": -0.019390909090909087,
      "zne_std": 0.026514404445699646,
      "epsilon_mean": 0.0021926888888888886,
      "epsilon_std": 0.001779825768085388,
      "flag_rate": 0.0
    },
    "linear": {
      "depth": 4,
      "noise": 0.01,
      "zne_mean": -0.0012799999999999854,
      "zne_std": 0.02699469577528149,
      "epsilon_mean": 0.0017541500000000005,
      "epsilon_std": 0.0012846210151246946,
      "flag_rate": 0.0
    },
    "odd": {
      "depth": 4,
      "noise": 0.01,
      "zne_mean": -0.019499999999999986,
      "zne_std": 0.02650679158253595,
      "epsilon_mean": 0.000948625,
      "epsilon_std": 0.0006545212109817374,
      "flag_rate": 0.0
    }
  },
  "d4_n0.02": {
    "fibonacci": {
      "depth": 4,
      "noise": 0.02,
      "zne_mean": -0.03284285714285713,
      "zne_std": 0.02728956341802916,
      "epsilon_mean": 0.002050607777777778,
      "epsilon_std": 0.0012484238207826422,
      "flag_rate": 0.0
    },
    "linear": {
      "depth": 4,
      "noise": 0.02,
      "zne_mean": -0.03426,
      "zne_std": 0.03549141304597495,
      "epsilon_mean": 0.0017961500000000003,
      "epsilon_std": 0.001149028721355563,
      "flag_rate": 0.0
    },
    "odd": {
      "depth": 4,
      "noise": 0.02,
      "zne_mean": -0.03264999999999998,
      "zne_std": 0.02747789111267455,
      "epsilon_mean": 0.00097715,
      "epsilon_std": 0.0007955697659539358,
      "flag_rate": 0.0
    }
  },
  "d4_n0.05": {
    "fibonacci": {
      "depth": 4,
      "noise": 0.05,
      "zne_mean": -0.023038961038961043,
      "zne_std": 0.01809806777933082,
      "epsilon_mean": 0.0010562022222222224,
      "epsilon_std": 0.0009146433182799042,
      "flag_rate": 0.0
    },
    "linear": {
      "depth": 4,
      "noise": 0.05,
      "zne_mean": -0.012459999999999997,
      "zne_std": 0.029221095119793178,
      "epsilon_mean": 0.0022313000000000003,
      "epsilon_std": 0.001586950774283815,
      "flag_rate": 0.0
    },
    "odd": {
      "depth": 4,
      "noise": 0.05,
      "zne_mean": -0.03284999999999998,
      "zne_std": 0.04672815532417257,
      "epsilon_mean": 0.0013614,
      "epsilon_std": 0.0009446361283584277,
      "flag_rate": 0.0
    }
  },
  "d6_n0.001": {
    "fibonacci": {
      "depth": 6,
      "noise": 0.001,
      "zne_mean": -0.0014714285714285734,
      "zne_std": 0.023865329598025634,
      "epsilon_mean": 0.00254727,
      "epsilon_std": 0.0018147960291336486,
      "flag_rate": 0.0
    },
    "linear": {
      "depth": 6,
      "noise": 0.001,