{
  "d2_n0.001": {
    "fibonacci": {
      "depth": 2,
      "noise": 0.001,
      "zne_mean": -1.4156103134155273e-07,
      "zne_std": 0.0,
      "epsilon_mean": 2.956462235519869e-14,
      "epsilon_std": 6.310887241768095e-30,
      "flag_rate": 0.0
    },
    "linear": {
      "depth": 2,
      "noise": 0.001,
      "zne_mean": -1.0877847671508791e-07,
      "zne_std": 0.0,
      "epsilon_mean": 2.270406085358445e-14,
      "epsilon_std": 0.0,
      "flag_rate": 0.0
    },
    "odd": {
      "depth": 2,
      "noise": 0.001,
      "zne_mean": -1.5869736671447746e-07,
      "zne_std": 2.6469779601696886e-23,
      "epsilon_mean": 1.416922135177856e-14,
      "epsilon_std": 0.0,
      "flag_rate": 0.0
    }
  },
  "d2_n0.005": {
    "fibonacci": {
      "depth": 2,
      "noise": 0.005,
      "zne_mean": 5.7088864314091515e-09,
      "zne_std": 0.0,
      "epsilon_mean": 3.0549636894268887e-14,
      "epsilon_std": 0.0,
      "flag_rate": 0.0
    },
    "linear": {
      "depth": 2,
      "noise": 0.005,
      "zne_mean": 3.874301910400393e-08,
      "zne_std": 0.0,
      "epsilon_mean": 1.709743457922741e-14,
      "epsilon_std": 0.0,
      "flag_rate": 0.0
    },
    "odd": {
      "depth": 2,
      "noise": 0.005,
      "zne_mean": -5.662441253662102e-08,
      "zne_std": 0.0,
      "epsilon_mean": 6.661338147750939e-16,
      "epsilon_std": 0.0,
      "flag_rate": 0.0
    }
  },
  "d2_n0.01": {
    "fibonacci": {
      "depth": 2,
      "noise": 0.01,
      "zne_mean": 1.912960758456936e-07,
      "zne_std": 0.0,
      "epsilon_mean": 2.612108060715299e-15,
      "epsilon_std": 0.0,
      "flag_rate": 0.0
    },
    "linear": {
      "depth": 2,
      "noise": 0.01,
      "zne_mean": 2.1606683731079102e-07,
      "zne_std": 0.0,
      "epsilon_mean": 3.6914915568786455e-15,
      "epsilon_std": 0.0,
      "flag_rate": 0.0
    },
    "odd": {
      "depth": 2,
      "noise": 0.01,
      "zne_mean": 1.8998980522155746e-07,
      "zne_std": 0.0,
      "epsilon_mean": 3.1502578323738817e-15,
      "epsilon_std": 0.0,
      "flag_rate": 0.0
    }
  },
  "d2_n0.02": {
    "fibonacci": {
      "depth": 2,
      "noise": 0.02,
      "zne_mean": 9.579317910330635e-08,
      "zne_std": 1.3234889800848443e-23,
      "epsilon_mean": 7.978186013070221e-15,
      "epsilon_std": 0.0,
      "flag_rate": 0.0
    },
    "linear": {
      "depth": 2,
      "noise": 0.02,
      "zne_mean": 1.5497207641601574e-07,
      "zne_std": 0.0,
      "epsilon_mean": 6.189493362285248e-15,
      "epsilon_std": 0.0,
      "flag_rate": 0.0
    },
    "odd": {
      "depth": 2,
      "noise": 0.02,
      "zne_mean": 5.960464477539065e-08,
      "zne_std": 1.3234889800848443e-23,
      "epsilon_mean": 6.369904603786836e-15,
      "epsilon_std": 0.0,
      "flag_rate": 0.0
    }
  },
  "d2_n0.05": {
    "fibonacci": {
      "depth": 2,
      "noise": 0.05,
      "zne_mean": -9.095513975465464e-09,
      "zne_std": 0.0,
      "epsilon_mean": 2.4221365653905494e-15,
      "epsilon_std": 0.0,
      "flag_rate": 0.0
    },
    "linear": {
      "depth": 2,
      "noise": 0.05,
      "zne_mean": -5.9604644775390694e-09,
      "zne_std": 0.0,
      "epsilon_mean": 2.192690473634684e-15,
      "epsilon_std": 0.0,
      "flag_rate": 0.0
    },
    "odd": {
      "depth": 2,
      "noise": 0.05,
      "zne_mean": 1.4901161193847638e-08,
      "zne_std": 0.0,
      "epsilon_mean": 2.0816681711721685e-16,
      "epsilon_std": 0.0,
      "flag_rate": 0.0
    }
  },
  "d4_n0.001": {
    "fibonacci": {
      "depth": 4,
      "noise": 0.001,
      "zne_mean": -0.0003325731142774778,
      "zne_std": 0.0,
      "epsilon_mean": 4.494830456254329e-06,
      "epsilon_std": 0.0,
      "flag_rate": 0.0
    },
    "linear": {
      "depth": 4,
      "noise": 0.001,
      "zne_mean": -0.00017011910676955965,
      "zne_std": 2.710505431213761e-20,
      "epsilon_mean": 2.8161704793139286e-06,
      "epsilon_std": 0.0,
      "flag_rate": 0.0
    },
    "odd": {
      "depth": 4,
      "noise": 0.001,
      "zne_mean": -0.00039463713765144643,
      "zne_std": 0.0,
      "epsilon_mean": 4.836319573570114e-06,
      "epsilon_std": 0.0,
      "flag_rate": 0.0
    }
  },
  "d4_n0.005": {
    "fibonacci": {
      "depth": 4,
      "noise": 0.005,
      "zne_mean": -0.005780885552431078,
      "zne_std": 8.673617379884035e-19,
      "epsilon_mean": 3.216118811213173e-05,
      "epsilon_std": 0.0,
      "flag_rate": 0.0
    },
    "linear": {
      "depth": 4,
      "noise": 0.005,
      "zne_mean": -0.003353364765644064,
      "zne_std": 0.0,
      "epsilon_mean": 2.72528105172698e-05,
      "epsilon_std": 0.0,
      "flag_rate": 0.0
    },
    "odd": {
      "depth": 4,
      "noise": 0.005,
      "zne_mean": -0.006518916040658953,
      "zne_std": 8.673617379884035e-19,
      "epsilon_mean": 2.832788632949057e-05,
      "epsilon_std": 0.0,
      "flag_rate": 0.0
    }
  },
  "d4_n0.01": {
    "fibonacci": {
      "depth": 4,
      "noise": 0.01,
      "zne_mean": -0.014855750388913342,
      "zne_std": 1.734723475976807e-18,
      "epsilon_mean": 3.659438910380687e-05,
      "epsilon_std": 0.0,
      "flag_rate": 0.0
    },
    "linear": {
      "depth": 4,
      "noise": 0.01,
      "zne_mean": -0.009996201097965228,
      "zne_std": 0.0,
      "epsilon_mean": 3.336333331713237e-05,
      "epsilon_std": 0.0,
      "flag_rate": 0.0
    },
    "odd": {
      "depth": 4,
      "noise": 0.01,
      "zne_mean": -0.015769171714782707,
      "zne_std": 0.0,
      "epsilon_mean": 3.0827879368033884e-05,
      "epsilon_std": 0.0,
      "flag_rate": 0.0
    }
  },
  "d4_n0.02": {
    "fibonacci": {
      "depth": 4,
      "noise": 0.02,
      "zne_mean": -0.025905308108051105,
      "zne_std": 0.0,
      "epsilon_mean": 3.86804306049272e-05,
      "epsilon_std": 6.776263578034403e-21,
      "flag_rate": 0.0
    },
    "linear": {
      "depth": 4,
      "noise": 0.02,
      "zne_mean": -0.02245212942361832,
      "zne_std": 0.0,
      "epsilon_mean": 2.5294843722545313e-05,
      "epsilon_std": 0.0,
      "flag_rate": 0.0
    },
    "odd": {
      "depth": 4,
      "noise": 0.02,
      "zne_mean": -0.02489906921982763,
      "zne_std": 3.469446951953614e-18,
      "epsilon_mean": 2.991554057658885e-05,
      "epsilon_std": 0.0,
      "flag_rate": 0.0
    }
  },
  "d4_n0.05": {
    "fibonacci": {
      "depth": 4,
      "noise": 0.05,
      "zne_mean": -0.022505529418394156,
      "zne_std": 3.469446951953614e-18,
      "epsilon_mean": 9.160677519082228e-05,
      "epsilon_std": 0.0,
      "flag_rate": 0.0
    },
    "linear": {
      "depth": 4,
      "noise": 0.05,
      "zne_mean": -0.028812897205352787,
      "zne_std": 0.0,
      "epsilon_mean": 7.964571818649957e-05,
      "epsilon_std": 0.0,
      "flag_rate": 0.0
    },
    "odd": {
      "depth": 4,
      "noise": 0.05,
      "zne_mean": -0.020551197975873937,
      "zne_std": 0.0,
      "epsilon_mean": 7.128311996754122e-05,
      "epsilon_std": 0.0,
      "flag_rate": 0.0
    }
  },
  "d6_n0.001": {
    "fibonacci": {
      "depth": 6,
      "noise": 0.001,
      "zne_mean": -1.5530106309172394e-07,
      "zne_std": 0.0,
      "epsilon_mean": 2.1382278663711278e-14,
      "epsilon_std": 0.0,
      "flag_rate": 0.0
    },
    "linear": {
      "depth": 6,
      "noise": 0.001,
      "zne_mean": -2.6226043701171877e-07,
      "zne_std": 5.293955920339377e-23,
      "epsilon_mean": 2.2370993946196904e-14,
      "epsilon_std": 0.0,
      "flag_rate": 0.0
    },
    "odd": {
      "depth": 6,
      "noise": 0.001,
      "zne_mean": -2.115964889526366e-07,
      "zne_std": 2.6469779601696886e-23,
      "epsilon_mean": 8.201772594418344e-15,
      "epsilon_std": 0.0,
      "flag_rate": 0.0
    }
  },
  "d6_n0.005": {
    "fibonacci": {
      "depth": 6,
      "noise": 0.005,
      "zne_mean": 3.5801491180023205e-09,
      "zne_std": 4.1359030627651384e-25,
      "epsilon_mean": 2.2234066439826463e-14,
      "epsilon_std": 0.0,
      "flag_rate": 0.0
    },